{"md5":"846caf1ed88d16bd20d1f304006dce5a","frameRate":60,"textureGroups":[{"atlases":[{"file":"atlas0.png","textures":[{"rect":[1,1,105,105],"symbol":"BirdG_flipbook_12","origin":[52.5,54.05]},{"rect":[109,1,105,105],"symbol":"BirdR_flipbook_30","origin":[52.5,52.5]},{"rect":[217,1,105,105],"symbol":"BirdR_flipbook_27","origin":[52.5,52.5]},{"rect":[325,1,105,105],"symbol":"BirdG_flipbook_20","origin":[52.5,54.05]},{"rect":[433,1,105,105],"symbol":"BirdG_flipbook_0","origin":[52.5,54.05]},{"rect":[541,1,105,105],"symbol":"BirdG_flipbook_2","origin":[52.5,54.05]},{"rect":[649,1,105,105],"symbol":"BirdG_flipbook_4","origin":[52.5,54.05]},{"rect":[757,1,105,105],"symbol":"BirdG_flipbook_6","origin":[52.5,54.05]},{"rect":[865,1,105,105],"symbol":"BirdG_flipbook_9","origin":[52.5,54.05]},{"rect":[1,108,105,105],"symbol":"BirdR_flipbook_24","origin":[52.5,52.5]},{"rect":[109,108,105,105],"symbol":"BirdG_flipbook_16","origin":[52.5,54.05]},{"rect":[217,108,105,105],"symbol":"BirdR_flipbook_4","origin":[52.5,52.5]},{"rect":[325,108,105,105],"symbol":"BirdG_flipbook_24","origin":[52.5,54.05]},{"rect":[433,108,105,105],"symbol":"BirdG_flipbook_28","origin":[52.5,54.05]},{"rect":[541,108,105,105],"symbol":"BirdR_flipbook_0","origin":[52.5,52.5]},{"rect":[649,108,105,105],"symbol":"BirdR_flipbook_14","origin":[52.5,52.5]},{"rect":[757,108,105,105],"symbol":"BirdR_flipbook_9","origin":[52.5,52.5]},{"rect":[865,108,105,105],"symbol":"BirdR_flipbook_19","origin":[52.5,52.5]},{"rect":[1,215,100,92],"symbol":"RedGlowSprite","origin":[50,46]},{"rect":[104,215,100,92],"symbol":"HitEffect_flipbook_18","origin":[52.6,45.25]},{"rect":[207,215,100,92],"symbol":"HitEffect_flipbook_28","origin":[52.6,45.25]},{"rect":[310,215,100,92],"symbol":"HitEffect_flipbook_27","origin":[52.6,45.25]},{"rect":[413,215,100,92],"symbol":"HitEffect_flipbook_0","origin":[52.6,45.25]},{"rect":[516,215,100,92],"symbol":"HitEffect_flipbook_6","origin":[52.6,45.25]},{"rect":[619,215,100,92],"symbol":"HitEffect_flipbook_7","origin":[52.6,45.25]},{"rect":[722,215,100,92],"symbol":"HitEffect_flipbook_8","origin":[52.6,45.25]},{"rect":[825,215,100,92],"symbol":"HitEffect_flipbook_9","origin":[52.6,45.25]},{"rect":[1,309,100,92],"symbol":"HitEffect_flipbook_10","origin":[52.6,45.25]},{"rect":[104,309,100,92],"symbol":"HitEffect_flipbook_11","origin":[52.6,45.25]},{"rect":[207,309,100,92],"symbol":"HitEffect_flipbook_12","origin":[52.6,45.25]},{"rect":[310,309,100,92],"symbol":"HitEffect_flipbook_13","origin":[52.6,45.25]},{"rect":[413,309,100,92],"symbol":"HitEffect_flipbook_14","origin":[52.6,45.25]},{"rect":[516,309,100,92],"symbol":"HitEffect_flipbook_15","origin":[52.6,45.25]},{"rect":[619,309,100,92],"symbol":"HitEffect_flipbook_16","origin":[52.6,45.25]},{"rect":[722,309,100,92],"symbol":"HitEffect_flipbook_17","origin":[52.6,45.25]},{"rect":[825,309,100,92],"symbol":"HitEffect_flipbook_34","origin":[52.6,45.25]},{"rect":[1,403,100,92],"symbol":"HitEffect_flipbook_19","origin":[52.6,45.25]},{"rect":[104,403,100,92],"symbol":"HitEffect_flipbook_20","origin":[52.6,45.25]},{"rect":[207,403,100,92],"symbol":"HitEffect_flipbook_21","origin":[52.6,45.25]},{"rect":[310,403,100,92],"symbol":"HitEffect_flipbook_22","origin":[52.6,45.25]},{"rect":[413,403,100,92],"symbol":"HitEffect_flipbook_23","origin":[52.6,45.25]},{"rect":[516,403,100,92],"symbol":"HitEffect_flipbook_24","origin":[52.6,45.25]},{"rect":[619,403,100,92],"symbol":"HitEffect_flipbook_25","origin":[52.6,45.25]},{"rect":[722,403,100,92],"symbol":"HitEffect_flipbook_26","origin":[52.6,45.25]},{"rect":[825,403,100,92],"symbol":"HitEffect_flipbook_51","origin":[52.6,45.25]},{"rect":[1,497,100,92],"symbol":"HitEffect_flipbook_52","origin":[52.6,45.25]},{"rect":[104,497,100,92],"symbol":"HitEffect_flipbook_29","origin":[52.6,45.25]},{"rect":[207,497,100,92],"symbol":"HitEffect_flipbook_30","origin":[52.6,45.25]},{"rect":[310,497,100,92],"symbol":"HitEffect_flipbook_31","origin":[52.6,45.25]},{"rect":[413,497,100,92],"symbol":"HitEffect_flipbook_32","origin":[52.6,45.25]},{"rect":[516,497,100,92],"symbol":"HitEffect_flipbook_33","origin":[52.6,45.25]},{"rect":[619,497,100,92],"symbol":"HitEffect_flipbook_42","origin":[52.6,45.25]},{"rect":[722,497,100,92],"symbol":"HitEffect_flipbook_35","origin":[52.6,45.25]},{"rect":[825,497,100,92],"symbol":"HitEffect_flipbook_36","origin":[52.6,45.25]},{"rect":[1,591,100,92],"symbol":"HitEffect_flipbook_37","origin":[52.6,45.25]},{"rect":[104,591,100,92],"symbol":"HitEffect_flipbook_38","origin":[52.6,45.25]},{"rect":[207,591,100,92],"symbol":"HitEffect_flipbook_39","origin":[52.6,45.25]},{"rect":[310,591,100,92],"symbol":"HitEffect_flipbook_40","origin":[52.6,45.25]},{"rect":[413,591,100,92],"symbol":"HitEffect_flipbook_41","origin":[52.6,45.25]},{"rect":[516,591,100,92],"symbol":"HitEffect_flipbook_46","origin":[52.6,45.25]},{"rect":[619,591,100,92],"symbol":"HitEffect_flipbook_43","origin":[52.6,45.25]},{"rect":[722,591,100,92],"symbol":"HitEffect_flipbook_44","origin":[52.6,45.25]},{"rect":[825,591,100,92],"symbol":"HitEffect_flipbook_45","origin":[52.6,45.25]},{"rect":[1,685,100,92],"symbol":"HitEffect_flipbook_48","origin":[52.6,45.25]},{"rect":[104,685,100,92],"symbol":"HitEffect_flipbook_47","origin":[52.6,45.25]},{"rect":[207,685,100,92],"symbol":"HitEffect_flipbook_49","origin":[52.6,45.25]},{"rect":[310,685,100,92],"symbol":"HitEffect_flipbook_50","origin":[52.6,45.25]},{"rect":[927,215,80,39],"symbol":"LightningLineSprite","origin":[40,19.5]},{"rect":[972,1,41,44],"symbol":"RadiolFlyingSprite","origin":[20.5,22]},{"rect":[972,47,41,44],"symbol":"RadiolxwhiteSprite","origin":[20.5,22]}]}],"scaleFactor":1}],"movies":[{"layers":[{"name":"flipbook","keyframes":[{"ref":"BirdG_flipbook_0","tweened":false,"pivot":[52.5,54.05],"index":0,"duration":2},{"ref":"BirdG_flipbook_2","tweened":false,"pivot":[52.5,54.05],"index":2,"duration":2},{"ref":"BirdG_flipbook_4","tweened":false,"pivot":[52.5,54.05],"index":4,"duration":2},{"ref":"BirdG_flipbook_6","tweened":false,"pivot":[52.5,54.05],"index":6,"duration":3},{"ref":"BirdG_flipbook_9","tweened":false,"pivot":[52.5,54.05],"index":9,"duration":3},{"ref":"BirdG_flipbook_12","tweened":false,"pivot":[52.5,54.05],"index":12,"duration":4},{"ref":"BirdG_flipbook_16","tweened":false,"pivot":[52.5,54.05],"index":16,"duration":4},{"ref":"BirdG_flipbook_20","tweened":false,"pivot":[52.5,54.05],"index":20,"duration":4},{"ref":"BirdG_flipbook_24","tweened":false,"pivot":[52.5,54.05],"index":24,"duration":4},{"ref":"BirdG_flipbook_28","tweened":false,"pivot":[52.5,54.05],"index":28,"duration":3}],"flipbook":true}],"id":"BirdG"},{"layers":[{"name":"Layer 1","keyframes":[{"index":0,"duration":31}]},{"name":"Layer 1 copy 2","keyframes":[{"ref":"BirdG","loc":[0,5],"index":0,"duration":6},{"ref":"BirdG","loc":[0,8],"index":6,"duration":15},{"ref":"BirdG","index":21,"duration":9},{"ref":"BirdG","loc":[0,5],"index":30,"duration":1}]}],"id":"BirdGT"},{"layers":[{"name":"flipbook","keyframes":[{"ref":"BirdR_flipbook_0","tweened":false,"pivot":[52.5,52.5],"index":0,"duration":4},{"ref":"BirdR_flipbook_4","tweened":false,"pivot":[52.5,52.5],"index":4,"duration":5},{"ref":"BirdR_flipbook_9","tweened":false,"pivot":[52.5,52.5],"index":9,"duration":5},{"ref":"BirdR_flipbook_14","tweened":false,"pivot":[52.5,52.5],"index":14,"duration":5},{"ref":"BirdR_flipbook_19","tweened":false,"pivot":[52.5,52.5],"index":19,"duration":5},{"ref":"BirdR_flipbook_24","tweened":false,"pivot":[52.5,52.5],"index":24,"duration":3},{"ref":"BirdR_flipbook_27","tweened":false,"pivot":[52.5,52.5],"index":27,"duration":3},{"ref":"BirdR_flipbook_30","tweened":false,"pivot":[52.5,52.5],"index":30,"duration":1}],"flipbook":true}],"id":"BirdR"},{"layers":[{"name":"Layer 1","keyframes":[{"index":0,"duration":1}]},{"name":"Layer 1 copy","keyframes":[{"ref":"BirdR","loc":[0,0.75],"index":0,"duration":9},{"ref":"BirdR","loc":[0,3.75],"index":9,"duration":15},{"ref":"BirdR","loc":[0,-4.25],"index":24,"duration":6},{"ref":"BirdR","loc":[0,0.75],"index":30,"duration":1}]}],"id":"BirdRT"},{"layers":[{"name":"flipbook","keyframes":[{"ref":"HitEffect_flipbook_0","tweened":false,"pivot":[52.6,45.25],"index":0,"duration":6},{"ref":"HitEffect_flipbook_6","tweened":false,"pivot":[52.6,45.25],"index":6,"duration":1},{"ref":"HitEffect_flipbook_7","tweened":false,"pivot":[52.6,45.25],"index":7,"duration":1},{"ref":"HitEffect_flipbook_8","tweened":false,"pivot":[52.6,45.25],"index":8,"duration":1},{"ref":"HitEffect_flipbook_9","tweened":false,"pivot":[52.6,45.25],"index":9,"duration":1},{"ref":"HitEffect_flipbook_10","tweened":false,"pivot":[52.6,45.25],"index":10,"duration":1},{"ref":"HitEffect_flipbook_11","tweened":false,"pivot":[52.6,45.25],"index":11,"duration":1},{"ref":"HitEffect_flipbook_12","tweened":false,"pivot":[52.6,45.25],"index":12,"duration":1},{"ref":"HitEffect_flipbook_13","tweened":false,"pivot":[52.6,45.25],"index":13,"duration":1},{"ref":"HitEffect_flipbook_14","tweened":false,"pivot":[52.6,45.25],"index":14,"duration":1},{"ref":"HitEffect_flipbook_15","tweened":false,"pivot":[52.6,45.25],"index":15,"duration":1},{"ref":"HitEffect_flipbook_16","tweened":false,"pivot":[52.6,45.25],"index":16,"duration":1},{"ref":"HitEffect_flipbook_17","tweened":false,"pivot":[52.6,45.25],"index":17,"duration":1},{"ref":"HitEffect_flipbook_18","tweened":false,"pivot":[52.6,45.25],"index":18,"duration":1},{"ref":"HitEffect_flipbook_19","tweened":false,"pivot":[52.6,45.25],"index":19,"duration":1},{"ref":"HitEffect_flipbook_20","tweened":false,"pivot":[52.6,45.25],"index":20,"duration":1},{"ref":"HitEffect_flipbook_21","tweened":false,"pivot":[52.6,45.25],"index":21,"duration":1},{"ref":"HitEffect_flipbook_22","tweened":false,"pivot":[52.6,45.25],"index":22,"duration":1},{"ref":"HitEffect_flipbook_23","tweened":false,"pivot":[52.6,45.25],"index":23,"duration":1},{"ref":"HitEffect_flipbook_24","tweened":false,"pivot":[52.6,45.25],"index":24,"duration":1},{"ref":"HitEffect_flipbook_25","tweened":false,"pivot":[52.6,45.25],"index":25,"duration":1},{"ref":"HitEffect_flipbook_26","tweened":false,"pivot":[52.6,45.25],"index":26,"duration":1},{"ref":"HitEffect_flipbook_27","tweened":false,"pivot":[52.6,45.25],"index":27,"duration":1},{"ref":"HitEffect_flipbook_28","tweened":false,"pivot":[52.6,45.25],"index":28,"duration":1},{"ref":"HitEffect_flipbook_29","tweened":false,"pivot":[52.6,45.25],"index":29,"duration":1},{"ref":"HitEffect_flipbook_30","tweened":false,"pivot":[52.6,45.25],"index":30,"duration":1},{"ref":"HitEffect_flipbook_31","tweened":false,"pivot":[52.6,45.25],"index":31,"duration":1},{"ref":"HitEffect_flipbook_32","tweened":false,"pivot":[52.6,45.25],"index":32,"duration":1},{"ref":"HitEffect_flipbook_33","tweened":false,"pivot":[52.6,45.25],"index":33,"duration":1},{"ref":"HitEffect_flipbook_34","tweened":false,"pivot":[52.6,45.25],"index":34,"duration":1},{"ref":"HitEffect_flipbook_35","tweened":false,"pivot":[52.6,45.25],"index":35,"duration":1},{"ref":"HitEffect_flipbook_36","tweened":false,"pivot":[52.6,45.25],"index":36,"duration":1},{"ref":"HitEffect_flipbook_37","tweened":false,"pivot":[52.6,45.25],"index":37,"duration":1},{"ref":"HitEffect_flipbook_38","tweened":false,"pivot":[52.6,45.25],"index":38,"duration":1},{"ref":"HitEffect_flipbook_39","tweened":false,"pivot":[52.6,45.25],"index":39,"duration":1},{"ref":"HitEffect_flipbook_40","tweened":false,"pivot":[52.6,45.25],"index":40,"duration":1},{"ref":"HitEffect_flipbook_41","tweened":false,"pivot":[52.6,45.25],"index":41,"duration":1},{"ref":"HitEffect_flipbook_42","tweened":false,"pivot":[52.6,45.25],"index":42,"duration":1},{"ref":"HitEffect_flipbook_43","tweened":false,"pivot":[52.6,45.25],"index":43,"duration":1},{"ref":"HitEffect_flipbook_44","tweened":false,"pivot":[52.6,45.25],"index":44,"duration":1},{"ref":"HitEffect_flipbook_45","tweened":false,"pivot":[52.6,45.25],"index":45,"duration":1},{"ref":"HitEffect_flipbook_46","tweened":false,"pivot":[52.6,45.25],"index":46,"duration":1},{"ref":"HitEffect_flipbook_47","tweened":false,"pivot":[52.6,45.25],"index":47,"duration":1},{"ref":"HitEffect_flipbook_48","tweened":false,"pivot":[52.6,45.25],"index":48,"duration":1},{"ref":"HitEffect_flipbook_49","tweened":false,"pivot":[52.6,45.25],"index":49,"duration":1},{"ref":"HitEffect_flipbook_50","tweened":false,"pivot":[52.6,45.25],"index":50,"duration":1},{"ref":"HitEffect_flipbook_51","tweened":false,"pivot":[52.6,45.25],"index":51,"duration":1},{"ref":"HitEffect_flipbook_52","tweened":false,"pivot":[52.6,45.25],"index":52,"duration":1}],"flipbook":true}],"id":"HitEffect"},{"layers":[{"name":"layer 1","keyframes":[{"alpha":0,"pivot":[40,19.5],"duration":9,"ref":"LightningLineSprite","tweened":false,"loc":[-0.4,-1.3],"index":0},{"alpha":0,"pivot":[40,19.5],"duration":2,"ref":"LightningLineSprite","loc":[-0.4,-1.3],"index":9},{"alpha":0.7617,"pivot":[40,19.5],"duration":3,"ref":"LightningLineSprite","loc":[-0.4,-1.3],"index":11},{"alpha":0.4297,"pivot":[40,19.5],"duration":2,"ref":"LightningLineSprite","loc":[-0.4,-1.3],"index":14},{"alpha":0.7695,"pivot":[40,19.5],"duration":3,"ref":"LightningLineSprite","loc":[-0.4,-1.3],"index":16},{"alpha":0.3711,"pivot":[40,19.5],"duration":2,"ref":"LightningLineSprite","loc":[-0.4,-1.3],"index":19},{"alpha":0.8906,"pivot":[40,19.5],"duration":8,"ref":"LightningLineSprite","loc":[-0.4,-1.3],"index":21},{"alpha":0,"pivot":[40,19.5],"duration":1,"ref":"LightningLineSprite","loc":[-0.4,-1.3],"index":29}]}],"id":"LightningLine"},{"layers":[{"name":"Layer 3","keyframes":[{"tweened":false,"pivot":[20.5,22],"duration":43,"ref":"RadiolFlyingSprite","loc":[-0.65,1.35],"index":0}]},{"name":"Layer 4 copy","keyframes":[{"index":0,"duration":5},{"alpha":0,"pivot":[50,46],"duration":9,"ref":"RedGlowSprite","loc":[0.35,2.35],"index":5},{"pivot":[50,46],"scale":[2.0902,2.0902],"duration":20,"ref":"RedGlowSprite","loc":[0.35,2.35],"index":14},{"alpha":0,"pivot":[50,46],"scale":[2.1576,2.1576],"duration":1,"ref":"RedGlowSprite","loc":[0.35,2.35],"index":34}]},{"name":"Layer 2 copy","keyframes":[{"index":0,"duration":1},{"tweened":false,"pivot":[20.5,22],"duration":2,"ref":"RadiolxwhiteSprite","loc":[-0.65,1.35],"index":1},{"index":3,"duration":2},{"tweened":false,"pivot":[20.5,22],"duration":2,"ref":"RadiolxwhiteSprite","loc":[-0.65,1.35],"index":5},{"index":7,"duration":1},{"index":8,"duration":1},{"tweened":false,"pivot":[20.5,22],"duration":1,"ref":"RadiolxwhiteSprite","loc":[-0.65,1.35],"index":9},{"ref":"RadiolxwhiteSprite","loc":[-0.65,1.35],"index":10,"duration":16,"pivot":[20.5,22]},{"alpha":0.5703,"pivot":[20.5,22],"duration":2,"ref":"RadiolxwhiteSprite","loc":[-0.65,1.35],"index":26},{"alpha":0.5195,"pivot":[20.5,22],"duration":3,"ref":"RadiolxwhiteSprite","loc":[-0.65,1.35],"index":28},{"ref":"RadiolxwhiteSprite","loc":[-0.65,1.35],"index":31,"duration":11,"pivot":[20.5,22]},{"alpha":0,"pivot":[20.5,22],"duration":1,"ref":"RadiolxwhiteSprite","loc":[-0.65,1.35],"index":42}]}],"id":"RadioFlying"}]}