{"textureGroups":[{"atlases":[{"textures":[{"rect":[1,1,252,252],"origin":[126,126],"symbol":"RedRadiolBg"},{"rect":[255,1,105,105],"origin":[52.5,52.5],"symbol":"BirdR_flipbook_30"},{"rect":[362,1,105,105],"origin":[52.5,52.5],"symbol":"BirdR_flipbook_27"},{"rect":[469,1,105,105],"origin":[52.5,54.05],"symbol":"BirdG_flipbook_12"},{"rect":[576,1,105,105],"origin":[52.5,54.05],"symbol":"BirdG_flipbook_20"},{"rect":[683,1,105,105],"origin":[52.5,54.05],"symbol":"BirdG_flipbook_0"},{"rect":[790,1,105,105],"origin":[52.5,54.05],"symbol":"BirdG_flipbook_2"},{"rect":[897,1,105,105],"origin":[52.5,54.05],"symbol":"BirdG_flipbook_4"},{"rect":[255,108,105,105],"origin":[52.5,54.05],"symbol":"BirdG_flipbook_6"},{"rect":[362,108,105,105],"origin":[52.5,54.05],"symbol":"BirdG_flipbook_9"},{"rect":[469,108,105,105],"origin":[52.5,52.5],"symbol":"BirdR_flipbook_24"},{"rect":[576,108,105,105],"origin":[52.5,54.05],"symbol":"BirdG_flipbook_16"},{"rect":[683,108,105,105],"origin":[52.5,52.5],"symbol":"BirdR_flipbook_4"},{"rect":[790,108,105,105],"origin":[52.5,54.05],"symbol":"BirdG_flipbook_24"},{"rect":[897,108,105,105],"origin":[52.5,54.05],"symbol":"BirdG_flipbook_28"},{"rect":[255,215,105,105],"origin":[52.5,52.5],"symbol":"BirdR_flipbook_0"},{"rect":[362,215,105,105],"origin":[52.5,52.5],"symbol":"BirdR_flipbook_14"},{"rect":[469,215,105,105],"origin":[52.5,52.5],"symbol":"BirdR_flipbook_9"},{"rect":[576,215,105,105],"origin":[52.5,52.5],"symbol":"BirdR_flipbook_19"},{"rect":[683,215,100,92],"origin":[50,46],"symbol":"RedGlowSprite"},{"rect":[785,215,100,92],"origin":[52.6,45.25],"symbol":"HitEffect_flipbook_17"},{"rect":[887,215,100,92],"origin":[52.6,45.25],"symbol":"HitEffect_flipbook_28"},{"rect":[1,255,100,92],"origin":[52.6,45.25],"symbol":"HitEffect_flipbook_27"},{"rect":[104,255,100,92],"origin":[52.6,45.25],"symbol":"HitEffect_flipbook_0"},{"rect":[683,309,100,92],"origin":[52.6,45.25],"symbol":"HitEffect_flipbook_6"},{"rect":[785,309,100,92],"origin":[52.6,45.25],"symbol":"HitEffect_flipbook_7"},{"rect":[887,309,100,92],"origin":[52.6,45.25],"symbol":"HitEffect_flipbook_8"},{"rect":[207,322,100,92],"origin":[52.6,45.25],"symbol":"HitEffect_flipbook_9"},{"rect":[310,322,100,92],"origin":[52.6,45.25],"symbol":"HitEffect_flipbook_10"},{"rect":[413,322,100,92],"origin":[52.6,45.25],"symbol":"HitEffect_flipbook_11"},{"rect":[516,322,100,92],"origin":[52.6,45.25],"symbol":"HitEffect_flipbook_12"},{"rect":[1,349,100,92],"origin":[52.6,45.25],"symbol":"HitEffect_flipbook_13"},{"rect":[104,349,100,92],"origin":[52.6,45.25],"symbol":"HitEffect_flipbook_14"},{"rect":[619,403,100,92],"origin":[52.6,45.25],"symbol":"HitEffect_flipbook_15"},{"rect":[722,403,100,92],"origin":[52.6,45.25],"symbol":"HitEffect_flipbook_16"},{"rect":[825,403,100,92],"origin":[52.6,45.25],"symbol":"HitEffect_flipbook_34"},{"rect":[207,416,100,92],"origin":[52.6,45.25],"symbol":"HitEffect_flipbook_18"},{"rect":[310,416,100,92],"origin":[52.6,45.25],"symbol":"HitEffect_flipbook_19"},{"rect":[413,416,100,92],"origin":[52.6,45.25],"symbol":"HitEffect_flipbook_20"},{"rect":[516,416,100,92],"origin":[52.6,45.25],"symbol":"HitEffect_flipbook_21"},{"rect":[1,443,100,92],"origin":[52.6,45.25],"symbol":"HitEffect_flipbook_22"},{"rect":[104,443,100,92],"origin":[52.6,45.25],"symbol":"HitEffect_flipbook_23"},{"rect":[619,497,100,92],"origin":[52.6,45.25],"symbol":"HitEffect_flipbook_24"},{"rect":[722,497,100,92],"origin":[52.6,45.25],"symbol":"HitEffect_flipbook_25"},{"rect":[825,497,100,92],"origin":[52.6,45.25],"symbol":"HitEffect_flipbook_26"},{"rect":[207,510,100,92],"origin":[52.6,45.25],"symbol":"HitEffect_flipbook_51"},{"rect":[310,510,100,92],"origin":[52.6,45.25],"symbol":"HitEffect_flipbook_52"},{"rect":[413,510,100,92],"origin":[52.6,45.25],"symbol":"HitEffect_flipbook_29"},{"rect":[516,510,100,92],"origin":[52.6,45.25],"symbol":"HitEffect_flipbook_30"},{"rect":[1,537,100,92],"origin":[52.6,45.25],"symbol":"HitEffect_flipbook_31"},{"rect":[104,537,100,92],"origin":[52.6,45.25],"symbol":"HitEffect_flipbook_32"},{"rect":[619,591,100,92],"origin":[52.6,45.25],"symbol":"HitEffect_flipbook_33"},{"rect":[722,591,100,92],"origin":[52.6,45.25],"symbol":"HitEffect_flipbook_42"},{"rect":[825,591,100,92],"origin":[52.6,45.25],"symbol":"HitEffect_flipbook_35"},{"rect":[207,604,100,92],"origin":[52.6,45.25],"symbol":"HitEffect_flipbook_36"},{"rect":[310,604,100,92],"origin":[52.6,45.25],"symbol":"HitEffect_flipbook_37"},{"rect":[413,604,100,92],"origin":[52.6,45.25],"symbol":"HitEffect_flipbook_38"},{"rect":[516,604,100,92],"origin":[52.6,45.25],"symbol":"HitEffect_flipbook_39"},{"rect":[1,631,100,92],"origin":[52.6,45.25],"symbol":"HitEffect_flipbook_40"},{"rect":[104,631,100,92],"origin":[52.6,45.25],"symbol":"HitEffect_flipbook_41"},{"rect":[619,685,100,92],"origin":[52.6,45.25],"symbol":"HitEffect_flipbook_46"},{"rect":[722,685,100,92],"origin":[52.6,45.25],"symbol":"HitEffect_flipbook_43"},{"rect":[825,685,100,92],"origin":[52.6,45.25],"symbol":"HitEffect_flipbook_44"},{"rect":[207,698,100,92],"origin":[52.6,45.25],"symbol":"HitEffect_flipbook_45"},{"rect":[310,698,100,92],"origin":[52.6,45.25],"symbol":"HitEffect_flipbook_48"},{"rect":[413,698,100,92],"origin":[52.6,45.25],"symbol":"HitEffect_flipbook_47"},{"rect":[516,698,100,92],"origin":[52.6,45.25],"symbol":"HitEffect_flipbook_49"},{"rect":[1,725,100,92],"origin":[52.6,45.25],"symbol":"HitEffect_flipbook_50"},{"rect":[927,403,80,39],"origin":[40,19.5],"symbol":"LightningLineSprite"},{"rect":[206,255,41,44],"origin":[20.5,22],"symbol":"RadiolFlyingSprite"},{"rect":[618,322,41,44],"origin":[20.5,22],"symbol":"RadiolxwhiteSprite"}],"file":"atlas0.png"}],"scaleFactor":1}],"md5":"b1af5b433232c27b18b240fb18c3851f","frameRate":60,"movies":[{"id":"BirdG","layers":[{"name":"flipbook","keyframes":[{"ref":"BirdG_flipbook_0","pivot":[52.5,54.05],"index":0,"duration":2,"tweened":false},{"ref":"BirdG_flipbook_2","pivot":[52.5,54.05],"index":2,"duration":2,"tweened":false},{"ref":"BirdG_flipbook_4","pivot":[52.5,54.05],"index":4,"duration":2,"tweened":false},{"ref":"BirdG_flipbook_6","pivot":[52.5,54.05],"index":6,"duration":3,"tweened":false},{"ref":"BirdG_flipbook_9","pivot":[52.5,54.05],"index":9,"duration":3,"tweened":false},{"ref":"BirdG_flipbook_12","pivot":[52.5,54.05],"index":12,"duration":4,"tweened":false},{"ref":"BirdG_flipbook_16","pivot":[52.5,54.05],"index":16,"duration":4,"tweened":false},{"ref":"BirdG_flipbook_20","pivot":[52.5,54.05],"index":20,"duration":4,"tweened":false},{"ref":"BirdG_flipbook_24","pivot":[52.5,54.05],"index":24,"duration":4,"tweened":false},{"ref":"BirdG_flipbook_28","pivot":[52.5,54.05],"index":28,"duration":3,"tweened":false}],"flipbook":true}]},{"id":"BirdGT","layers":[{"name":"Layer 1","keyframes":[{"index":0,"duration":31}]},{"name":"Layer 1 copy 2","keyframes":[{"ref":"BirdG","index":0,"duration":6,"loc":[0,5]},{"ref":"BirdG","index":6,"duration":15,"loc":[0,8]},{"ref":"BirdG","index":21,"duration":9},{"ref":"BirdG","index":30,"duration":1,"loc":[0,5]}]}]},{"id":"BirdR","layers":[{"name":"flipbook","keyframes":[{"ref":"BirdR_flipbook_0","pivot":[52.5,52.5],"index":0,"duration":4,"tweened":false},{"ref":"BirdR_flipbook_4","pivot":[52.5,52.5],"index":4,"duration":5,"tweened":false},{"ref":"BirdR_flipbook_9","pivot":[52.5,52.5],"index":9,"duration":5,"tweened":false},{"ref":"BirdR_flipbook_14","pivot":[52.5,52.5],"index":14,"duration":5,"tweened":false},{"ref":"BirdR_flipbook_19","pivot":[52.5,52.5],"index":19,"duration":5,"tweened":false},{"ref":"BirdR_flipbook_24","pivot":[52.5,52.5],"index":24,"duration":3,"tweened":false},{"ref":"BirdR_flipbook_27","pivot":[52.5,52.5],"index":27,"duration":3,"tweened":false},{"ref":"BirdR_flipbook_30","pivot":[52.5,52.5],"index":30,"duration":1,"tweened":false}],"flipbook":true}]},{"id":"BirdRT","layers":[{"name":"Layer 1","keyframes":[{"index":0,"duration":1}]},{"name":"Layer 1 copy","keyframes":[{"ref":"BirdR","index":0,"duration":9,"loc":[0,0.75]},{"ref":"BirdR","index":9,"duration":15,"loc":[0,3.75]},{"ref":"BirdR","index":24,"duration":6,"loc":[0,-4.25]},{"ref":"BirdR","index":30,"duration":1,"loc":[0,0.75]}]}]},{"id":"HitEffect","layers":[{"name":"flipbook","keyframes":[{"ref":"HitEffect_flipbook_0","pivot":[52.6,45.25],"index":0,"duration":6,"tweened":false},{"ref":"HitEffect_flipbook_6","pivot":[52.6,45.25],"index":6,"duration":1,"tweened":false},{"ref":"HitEffect_flipbook_7","pivot":[52.6,45.25],"index":7,"duration":1,"tweened":false},{"ref":"HitEffect_flipbook_8","pivot":[52.6,45.25],"index":8,"duration":1,"tweened":false},{"ref":"HitEffect_flipbook_9","pivot":[52.6,45.25],"index":9,"duration":1,"tweened":false},{"ref":"HitEffect_flipbook_10","pivot":[52.6,45.25],"index":10,"duration":1,"tweened":false},{"ref":"HitEffect_flipbook_11","pivot":[52.6,45.25],"index":11,"duration":1,"tweened":false},{"ref":"HitEffect_flipbook_12","pivot":[52.6,45.25],"index":12,"duration":1,"tweened":false},{"ref":"HitEffect_flipbook_13","pivot":[52.6,45.25],"index":13,"duration":1,"tweened":false},{"ref":"HitEffect_flipbook_14","pivot":[52.6,45.25],"index":14,"duration":1,"tweened":false},{"ref":"HitEffect_flipbook_15","pivot":[52.6,45.25],"index":15,"duration":1,"tweened":false},{"ref":"HitEffect_flipbook_16","pivot":[52.6,45.25],"index":16,"duration":1,"tweened":false},{"ref":"HitEffect_flipbook_17","pivot":[52.6,45.25],"index":17,"duration":1,"tweened":false},{"ref":"HitEffect_flipbook_18","pivot":[52.6,45.25],"index":18,"duration":1,"tweened":false},{"ref":"HitEffect_flipbook_19","pivot":[52.6,45.25],"index":19,"duration":1,"tweened":false},{"ref":"HitEffect_flipbook_20","pivot":[52.6,45.25],"index":20,"duration":1,"tweened":false},{"ref":"HitEffect_flipbook_21","pivot":[52.6,45.25],"index":21,"duration":1,"tweened":false},{"ref":"HitEffect_flipbook_22","pivot":[52.6,45.25],"index":22,"duration":1,"tweened":false},{"ref":"HitEffect_flipbook_23","pivot":[52.6,45.25],"index":23,"duration":1,"tweened":false},{"ref":"HitEffect_flipbook_24","pivot":[52.6,45.25],"index":24,"duration":1,"tweened":false},{"ref":"HitEffect_flipbook_25","pivot":[52.6,45.25],"index":25,"duration":1,"tweened":false},{"ref":"HitEffect_flipbook_26","pivot":[52.6,45.25],"index":26,"duration":1,"tweened":false},{"ref":"HitEffect_flipbook_27","pivot":[52.6,45.25],"index":27,"duration":1,"tweened":false},{"ref":"HitEffect_flipbook_28","pivot":[52.6,45.25],"index":28,"duration":1,"tweened":false},{"ref":"HitEffect_flipbook_29","pivot":[52.6,45.25],"index":29,"duration":1,"tweened":false},{"ref":"HitEffect_flipbook_30","pivot":[52.6,45.25],"index":30,"duration":1,"tweened":false},{"ref":"HitEffect_flipbook_31","pivot":[52.6,45.25],"index":31,"duration":1,"tweened":false},{"ref":"HitEffect_flipbook_32","pivot":[52.6,45.25],"index":32,"duration":1,"tweened":false},{"ref":"HitEffect_flipbook_33","pivot":[52.6,45.25],"index":33,"duration":1,"tweened":false},{"ref":"HitEffect_flipbook_34","pivot":[52.6,45.25],"index":34,"duration":1,"tweened":false},{"ref":"HitEffect_flipbook_35","pivot":[52.6,45.25],"index":35,"duration":1,"tweened":false},{"ref":"HitEffect_flipbook_36","pivot":[52.6,45.25],"index":36,"duration":1,"tweened":false},{"ref":"HitEffect_flipbook_37","pivot":[52.6,45.25],"index":37,"duration":1,"tweened":false},{"ref":"HitEffect_flipbook_38","pivot":[52.6,45.25],"index":38,"duration":1,"tweened":false},{"ref":"HitEffect_flipbook_39","pivot":[52.6,45.25],"index":39,"duration":1,"tweened":false},{"ref":"HitEffect_flipbook_40","pivot":[52.6,45.25],"index":40,"duration":1,"tweened":false},{"ref":"HitEffect_flipbook_41","pivot":[52.6,45.25],"index":41,"duration":1,"tweened":false},{"ref":"HitEffect_flipbook_42","pivot":[52.6,45.25],"index":42,"duration":1,"tweened":false},{"ref":"HitEffect_flipbook_43","pivot":[52.6,45.25],"index":43,"duration":1,"tweened":false},{"ref":"HitEffect_flipbook_44","pivot":[52.6,45.25],"index":44,"duration":1,"tweened":false},{"ref":"HitEffect_flipbook_45","pivot":[52.6,45.25],"index":45,"duration":1,"tweened":false},{"ref":"HitEffect_flipbook_46","pivot":[52.6,45.25],"index":46,"duration":1,"tweened":false},{"ref":"HitEffect_flipbook_47","pivot":[52.6,45.25],"index":47,"duration":1,"tweened":false},{"ref":"HitEffect_flipbook_48","pivot":[52.6,45.25],"index":48,"duration":1,"tweened":false},{"ref":"HitEffect_flipbook_49","pivot":[52.6,45.25],"index":49,"duration":1,"tweened":false},{"ref":"HitEffect_flipbook_50","pivot":[52.6,45.25],"index":50,"duration":1,"tweened":false},{"ref":"HitEffect_flipbook_51","pivot":[52.6,45.25],"index":51,"duration":1,"tweened":false},{"ref":"HitEffect_flipbook_52","pivot":[52.6,45.25],"index":52,"duration":1,"tweened":false}],"flipbook":true}]},{"id":"LightningLine","layers":[{"name":"layer 1","keyframes":[{"alpha":0,"pivot":[40,19.5],"duration":9,"ref":"LightningLineSprite","index":0,"loc":[-0.4,-1.3],"tweened":false},{"alpha":0,"pivot":[40,19.5],"duration":2,"ref":"LightningLineSprite","index":9,"loc":[-0.4,-1.3]},{"alpha":0.7617,"pivot":[40,19.5],"duration":3,"ref":"LightningLineSprite","index":11,"loc":[-0.4,-1.3]},{"alpha":0.4297,"pivot":[40,19.5],"duration":2,"ref":"LightningLineSprite","index":14,"loc":[-0.4,-1.3]},{"alpha":0.7695,"pivot":[40,19.5],"duration":3,"ref":"LightningLineSprite","index":16,"loc":[-0.4,-1.3]},{"alpha":0.3711,"pivot":[40,19.5],"duration":2,"ref":"LightningLineSprite","index":19,"loc":[-0.4,-1.3]},{"alpha":0.8906,"pivot":[40,19.5],"duration":8,"ref":"LightningLineSprite","index":21,"loc":[-0.4,-1.3]},{"alpha":0,"pivot":[40,19.5],"duration":1,"ref":"LightningLineSprite","index":29,"loc":[-0.4,-1.3]}]}]},{"id":"RadioFlying","layers":[{"name":"Layer 3","keyframes":[{"pivot":[20.5,22],"duration":43,"ref":"RadiolFlyingSprite","index":0,"loc":[-0.65,1.35],"tweened":false}]},{"name":"Layer 4 copy","keyframes":[{"index":0,"duration":5},{"alpha":0,"pivot":[50,46],"duration":9,"ref":"RedGlowSprite","index":5,"loc":[0.35,2.35]},{"pivot":[50,46],"scale":[2.0902,2.0902],"duration":20,"ref":"RedGlowSprite","index":14,"loc":[0.35,2.35]},{"alpha":0,"pivot":[50,46],"scale":[2.1576,2.1576],"duration":1,"ref":"RedGlowSprite","index":34,"loc":[0.35,2.35]}]},{"name":"Layer 2 copy","keyframes":[{"index":0,"duration":1},{"pivot":[20.5,22],"duration":2,"ref":"RadiolxwhiteSprite","index":1,"loc":[-0.65,1.35],"tweened":false},{"index":3,"duration":2},{"pivot":[20.5,22],"duration":2,"ref":"RadiolxwhiteSprite","index":5,"loc":[-0.65,1.35],"tweened":false},{"index":7,"duration":1},{"index":8,"duration":1},{"pivot":[20.5,22],"duration":1,"ref":"RadiolxwhiteSprite","index":9,"loc":[-0.65,1.35],"tweened":false},{"ref":"RadiolxwhiteSprite","pivot":[20.5,22],"index":10,"duration":16,"loc":[-0.65,1.35]},{"alpha":0.5703,"pivot":[20.5,22],"duration":2,"ref":"RadiolxwhiteSprite","index":26,"loc":[-0.65,1.35]},{"alpha":0.5195,"pivot":[20.5,22],"duration":3,"ref":"RadiolxwhiteSprite","index":28,"loc":[-0.65,1.35]},{"ref":"RadiolxwhiteSprite","pivot":[20.5,22],"index":31,"duration":11,"loc":[-0.65,1.35]},{"alpha":0,"pivot":[20.5,22],"duration":1,"ref":"RadiolxwhiteSprite","index":42,"loc":[-0.65,1.35]}]}]}]}